id,first_name,last_name,email,gender
1,Maegan,Keesman,mkeesman0@parallels.com,Agender
2,Darlleen,Krauss,dkrauss1@geocities.jp,Female
3,Bevin,Aubury,baubury2@imgur.com,Male
4,Billy,Crippell,bcrippell3@baidu.com,Male
5,Gloria,Braznell,gbraznell4@slate.com,Female
6,Zola,Earlam,zearlam5@boston.com,Female
7,Florie,Sleigh,fsleigh6@dot.gov,Female
8,Burton,MacGeffen,bmacgeffen7@hc360.com,Male
9,Waldemar,Fauning,wfauning8@jigsy.com,Male
10,Alvin,Nelthropp,anelthropp9@java.com,Male
11,Tanney,Comusso,tcomussoa@nymag.com,Male
12,Paulo,Noone,pnooneb@reference.com,Male
13,Humberto,Lowerson,hlowersonc@php.net,Male
14,Tallie,Goricke,tgoricked@fema.gov,Female
15,Neal,Bareham,nbarehame@craigslist.org,Male
16,Godiva,Petrescu,gpetrescuf@phoca.cz,Female
17,Tobit,Ryding,trydingg@zimbio.com,Genderfluid
18,Brittni,Searle,bsearleh@photobucket.com,Female
19,Marinna,Broker,mbrokeri@hibu.com,Female
20,Tannie,Fulger,tfulgerj@ehow.com,Male
21,Wat,Ruthen,wruthenk@godaddy.com,Male
22,Alyce,Eveque,aevequel@ebay.com,Female
23,Lusa,Kennham,lkennhamm@whitehouse.gov,Female
24,Lacy,Karran,lkarrann@howstuffworks.com,Female
25,Celinda,Hugli,chuglio@networksolutions.com,Female
26,Hermine,Abell,habellp@jiathis.com,Female
27,Arabele,Schach,aschachq@tumblr.com,Female
28,Reese,Righy,rrighyr@yellowbook.com,Male
29,El,Torel,etorels@usnews.com,Male
30,Elna,Powland,epowlandt@cisco.com,Female
31,Pia,Shilston,pshilstonu@alibaba.com,Female
32,Rudiger,Gerold,rgeroldv@csmonitor.com,Male
33,Olly,Sinclaire,osinclairew@berkeley.edu,Male
34,Lurlene,Cumesky,lcumeskyx@msn.com,Female
35,Saxon,Casewell,scasewelly@thetimes.co.uk,Male
36,Katie,Blaze,kblazez@t-online.de,Female
37,Joelle,Villar,jvillar10@mit.edu,Female
38,Avrom,Barkly,abarkly11@plala.or.jp,Male
39,Humphrey,Patrono,hpatrono12@yellowpages.com,Male
40,Shepperd,Ortes,sortes13@cbc.ca,Male
41,Roseanna,Andrzejak,randrzejak14@cnbc.com,Female
42,Cassius,Holtaway,choltaway15@posterous.com,Male
43,Bebe,McGready,bmcgready16@cocolog-nifty.com,Female
44,Vincents,Skae,vskae17@imageshack.us,Male
45,Winthrop,Pechacek,wpechacek18@amazon.co.jp,Male
46,Cornelle,Swallow,cswallow19@dropbox.com,Female
47,Kristi,Espin,kespin1a@twitter.com,Female
48,Miles,McKimmey,mmckimmey1b@simplemachines.org,Male
49,Hadrian,Lukash,hlukash1c@google.nl,Male
50,Ollie,Folca,ofolca1d@facebook.com,Male
51,Ruthann,MacCaffery,rmaccaffery1e@360.cn,Female
52,Susanne,Capenor,scapenor1f@msn.com,Female
53,Chrissy,Sigfrid,csigfrid1g@forbes.com,Male
54,Carmen,Orht,corht1h@t.co,Female
55,Nicky,Waszczykowski,nwaszczykowski1i@prweb.com,Female
56,Dallas,Trusse,dtrusse1j@cornell.edu,Male
57,Fields,Gladman,fgladman1k@soup.io,Male
58,Sarah,Roseveare,sroseveare1l@telegraph.co.uk,Female
59,Daren,Ipsly,dipsly1m@amazonaws.com,Male
60,Cirstoforo,Pilkington,cpilkington1n@java.com,Male
61,Mariam,Albro,malbro1o@comsenz.com,Female
62,Maridel,Franseco,mfranseco1p@spotify.com,Female
63,Orsa,Touzey,otouzey1q@woothemes.com,Female
64,Carlyle,Burrow,cburrow1r@foxnews.com,Male
65,Vernon,Lorenzini,vlorenzini1s@google.ru,Male
66,Alano,Franschini,afranschini1t@theatlantic.com,Male
67,Alexandre,Puffett,apuffett1u@house.gov,Male
68,Alina,Nys,anys1v@wikipedia.org,Female
69,Sheffy,Major,smajor1w@angelfire.com,Male
70,Peria,Carn,pcarn1x@wisc.edu,Female
71,Dredi,Fenge,dfenge1y@apple.com,Genderfluid
72,Nelie,Seelbach,nseelbach1z@biglobe.ne.jp,Female
73,Yule,Hawsby,yhawsby20@cocolog-nifty.com,Male
74,Lisa,Ayer,layer21@patch.com,Female
75,Shoshanna,Thunderchief,sthunderchief22@businesswire.com,Female
76,Sibylle,Regitz,sregitz23@wordpress.org,Female
77,Felipa,Eloi,feloi24@google.pl,Female
78,Joscelin,Swinnerton,jswinnerton25@jugem.jp,Female
79,Elka,Walbrook,ewalbrook26@yandex.ru,Female
80,Caitrin,Gazzard,cgazzard27@constantcontact.com,Female
81,Finlay,Lincke,flincke28@wufoo.com,Male
82,Paola,Wanklyn,pwanklyn29@yellowpages.com,Female
83,Lisha,Littley,llittley2a@drupal.org,Female
84,Gusti,McCalum,gmccalum2b@cdbaby.com,Female
85,Jacquetta,Simone,jsimone2c@creativecommons.org,Female
86,Liza,Kitchenman,lkitchenman2d@stumbleupon.com,Female
87,Jedd,Bagster,jbagster2e@zimbio.com,Male
88,Der,Lillistone,dlillistone2f@posterous.com,Male
89,Osmund,Melchior,omelchior2g@edublogs.org,Genderqueer
90,Patrizius,Ast,past2h@jigsy.com,Male
91,Chancey,Upcraft,cupcraft2i@jiathis.com,Polygender
92,Panchito,Macallam,pmacallam2j@soundcloud.com,Male
93,Alon,Slucock,aslucock2k@devhub.com,Non-binary
94,Clare,Mair,cmair2l@miibeian.gov.cn,Female
95,Michal,Brookwood,mbrookwood2m@mayoclinic.com,Polygender
96,Shermie,Kirtley,skirtley2n@washington.edu,Male
97,Brnaby,Presidey,bpresidey2o@jugem.jp,Male
98,Kellby,Dibling,kdibling2p@scribd.com,Male
99,Marcelle,De Lorenzo,mdelorenzo2q@wunderground.com,Female
100,Baxy,Khoter,bkhoter2r@amazon.co.jp,Male
101,Berenice,Magovern,bmagovern2s@cyberchimps.com,Female
102,Joellyn,Kiefer,jkiefer2t@va.gov,Female
103,Lionel,McVittie,lmcvittie2u@blogger.com,Male
104,Cyndia,Cowin,ccowin2v@jimdo.com,Female
105,Rubetta,Whittuck,rwhittuck2w@java.com,Female
106,Aurelia,Worlock,aworlock2x@scientificamerican.com,Female
107,Skylar,O'Lochan,solochan2y@tinyurl.com,Agender
108,Lucretia,Armes,larmes2z@wikipedia.org,Female
109,Bill,Heading,bheading30@unesco.org,Male
110,Juline,Allmen,jallmen31@goo.gl,Female
111,Andras,Nelm,anelm32@free.fr,Male
112,Bald,Merrall,bmerrall33@de.vu,Male
113,Wilt,Corre,wcorre34@vk.com,Male
114,Liza,Alliban,lalliban35@smugmug.com,Female
115,Max,Dugood,mdugood36@live.com,Agender
116,Shoshanna,Cornhill,scornhill37@about.com,Bigender
117,Noell,Chess,nchess38@hubpages.com,Female
118,Fabien,Aldrich,faldrich39@php.net,Bigender
119,Moishe,Aloway,maloway3a@merriam-webster.com,Male
120,Avril,Iacovino,aiacovino3b@angelfire.com,Bigender
121,Merry,Laherty,mlaherty3c@wp.com,Male
122,Pepi,Garthshore,pgarthshore3d@mac.com,Female
123,Debera,Chanders,dchanders3e@princeton.edu,Female
124,Shaina,Cutts,scutts3f@nyu.edu,Female
125,Lamond,Dorset,ldorset3g@so-net.ne.jp,Male
126,Brandtr,Welberry,bwelberry3h@plala.or.jp,Male
127,Bertram,Freckingham,bfreckingham3i@clickbank.net,Male
128,Hamish,Scaife,hscaife3j@booking.com,Male
129,Loree,Pead,lpead3k@fda.gov,Female
130,Noah,Bellee,nbellee3l@deliciousdays.com,Male
131,Cody,Schaffler,cschaffler3m@flavors.me,Female
132,Evangelia,Van Merwe,evanmerwe3n@reference.com,Female
133,Brnaba,Puddicombe,bpuddicombe3o@illinois.edu,Male
134,Schuyler,Hazeldene,shazeldene3p@tripod.com,Male
135,Korey,Lorraway,klorraway3q@youtu.be,Male
136,Cobby,Dmitr,cdmitr3r@chicagotribune.com,Male
137,Marv,Brotherhed,mbrotherhed3s@webeden.co.uk,Male
138,Aileen,Lewerenz,alewerenz3t@bravesites.com,Female
139,Say,Boothroyd,sboothroyd3u@ca.gov,Male
140,Giacopo,Cuss,gcuss3v@themeforest.net,Male
141,Jacquette,Runnalls,jrunnalls3w@ucoz.com,Female
142,Darnall,Klees,dklees3x@webmd.com,Male
143,Leona,Fells,lfells3y@upenn.edu,Female
144,Drake,Ackrill,dackrill3z@alexa.com,Male
145,Danyelle,Errichelli,derrichelli40@vk.com,Female
146,Lori,Tibbs,ltibbs41@free.fr,Female
147,Vikki,Welsh,vwelsh42@usa.gov,Genderfluid
148,Dannye,Muttitt,dmuttitt43@aol.com,Female
149,Gelya,Briscow,gbriscow44@quantcast.com,Female
150,Katharine,Fernan,kfernan45@netvibes.com,Female
151,Dorian,Gayne,dgayne46@topsy.com,Non-binary
152,Harmonie,Djakovic,hdjakovic47@cdbaby.com,Genderfluid
153,Shirlee,O'Leahy,soleahy48@biglobe.ne.jp,Female
154,Ethelin,Georgievski,egeorgievski49@naver.com,Female
155,Giovanni,Edgley,gedgley4a@example.com,Male
156,Morgen,Fotheringham,mfotheringham4b@quantcast.com,Male
157,Brinna,Leonarde,bleonarde4c@free.fr,Female
158,Wallace,Hounihan,whounihan4d@symantec.com,Male
159,Sharl,Kirkpatrick,skirkpatrick4e@un.org,Female
160,Inglis,Lemmers,ilemmers4f@walmart.com,Male
161,Mariellen,Stainton - Skinn,mstaintonskinn4g@mac.com,Female
162,Edsel,Parkhouse,eparkhouse4h@elpais.com,Male
163,Gabriele,Dreelan,gdreelan4i@microsoft.com,Male
164,Ami,Ksandra,aksandra4j@reference.com,Female
165,Carce,Dmitriev,cdmitriev4k@mac.com,Male
166,Hana,Rosenzwig,hrosenzwig4l@wordpress.com,Female
167,Horton,Bellham,hbellham4m@bbb.org,Male
168,Grenville,Croxford,gcroxford4n@unc.edu,Male
169,Miriam,Le Maitre,mlemaitre4o@blinklist.com,Female
170,Tamarah,Juste,tjuste4p@newsvine.com,Female
171,Dodi,Dineen,ddineen4q@g.co,Agender
172,Davon,Eskrigg,deskrigg4r@usda.gov,Male
173,Ilsa,Kenwrick,ikenwrick4s@apple.com,Female
174,Stacy,Clewes,sclewes4t@bigcartel.com,Male
175,Halie,Gothard,hgothard4u@wikipedia.org,Female
176,Neal,Hendron,nhendron4v@dion.ne.jp,Male
177,Benn,Kift,bkift4w@ustream.tv,Male
178,Lindsey,Statton,lstatton4x@cdc.gov,Male
179,Elianora,Monelli,emonelli4y@mlb.com,Female
180,Ruperto,Minogue,rminogue4z@bloglovin.com,Male
181,Itch,Croxon,icroxon50@google.es,Male
182,Denyse,Harrema,dharrema51@lulu.com,Female
183,Weber,Middlemass,wmiddlemass52@prweb.com,Male
184,Rockie,Leamy,rleamy53@marriott.com,Male
185,Giacopo,Peggram,gpeggram54@ed.gov,Male
186,Queenie,Vidyapin,qvidyapin55@google.nl,Female
187,Robinia,Zamboniari,rzamboniari56@aboutads.info,Female
188,Derron,McAlpin,dmcalpin57@freewebs.com,Male
189,Francyne,Sidebotham,fsidebotham58@bandcamp.com,Genderqueer
190,Micky,Malloch,mmalloch59@dot.gov,Male
191,Susi,Lacroux,slacroux5a@live.com,Female
192,Danie,Willcott,dwillcott5b@apache.org,Male
193,Standford,Gantzman,sgantzman5c@hud.gov,Male
194,Garek,Adamczyk,gadamczyk5d@wunderground.com,Male
195,Konstantine,Stubbe,kstubbe5e@dyndns.org,Male
196,Suzann,Hindmoor,shindmoor5f@admin.ch,Female
197,Minetta,Dudlestone,mdudlestone5g@com.com,Female
198,Garvin,Fuentes,gfuentes5h@dot.gov,Male
199,Archibald,Vowells,avowells5i@bluehost.com,Male
200,Lorant,Michallat,lmichallat5j@123-reg.co.uk,Male
201,Fabiano,Pauwel,fpauwel5k@economist.com,Male
202,Binny,Ethridge,bethridge5l@bigcartel.com,Female
203,Hogan,Loins,hloins5m@nature.com,Male
204,Reeba,Lomond,rlomond5n@paypal.com,Female
205,Kendre,Steer,ksteer5o@vinaora.com,Female
206,Hill,Giurio,hgiurio5p@mashable.com,Male
207,Barnie,Studdard,bstuddard5q@mit.edu,Male
208,Martelle,Diehn,mdiehn5r@pcworld.com,Female
209,Jaquelyn,Inger,jinger5s@omniture.com,Female
210,Liam,Kohtler,lkohtler5t@bloglines.com,Male
211,Sherie,Vivers,svivers5u@cnet.com,Female
212,Gabriel,Seer,gseer5v@soup.io,Male
213,Franchot,Sellars,fsellars5w@soundcloud.com,Male
214,Aundrea,McArt,amcart5x@hexun.com,Female
215,Fredra,Daenen,fdaenen5y@chicagotribune.com,Female
216,Eugenius,Wilder,ewilder5z@state.gov,Non-binary
217,Karilynn,Burkman,kburkman60@wordpress.org,Female
218,Elbertine,Stanett,estanett61@desdev.cn,Female
219,Rozele,Engeham,rengeham62@google.com.au,Genderfluid
220,Paige,Boulden,pboulden63@phoca.cz,Non-binary
221,Cathee,Dalzell,cdalzell64@tripadvisor.com,Female
222,Keir,Vedstra,kvedstra65@jigsy.com,Male
223,Mareah,Petraitis,mpetraitis66@slashdot.org,Female
224,Silvan,Skade,sskade67@cocolog-nifty.com,Male
225,Charmane,Rundle,crundle68@intel.com,Female
226,Tatiania,Ravilus,travilus69@rambler.ru,Female
227,Arlen,Langton,alangton6a@shutterfly.com,Female
228,Dalton,Baston,dbaston6b@printfriendly.com,Male
229,Erin,Aseef,easeef6c@fastcompany.com,Female
230,Brigitte,Sweynson,bsweynson6d@wikipedia.org,Female
231,Byrann,MacCambridge,bmaccambridge6e@desdev.cn,Male
232,Ailbert,Hiskey,ahiskey6f@eepurl.com,Male
233,Marilee,Gascone,mgascone6g@goo.gl,Female
234,Rosette,Pero,rpero6h@de.vu,Female
235,Vida,Vedenyapin,vvedenyapin6i@nbcnews.com,Female
236,Gaelan,Cote,gcote6j@dailymail.co.uk,Male
237,Charissa,Tennant,ctennant6k@bigcartel.com,Female
238,Xaviera,Dy,xdy6l@mapquest.com,Female
239,Haskel,Udy,hudy6m@techcrunch.com,Male
240,Teddy,Sycamore,tsycamore6n@earthlink.net,Male
241,Ricard,Prozescky,rprozescky6o@nymag.com,Male
242,Libbi,Durbridge,ldurbridge6p@studiopress.com,Female
243,Thaxter,Hayman,thayman6q@studiopress.com,Male
244,Tamas,Combes,tcombes6r@stumbleupon.com,Male
245,Duane,Fumagall,dfumagall6s@dell.com,Male
246,Clayson,Fenning,cfenning6t@oracle.com,Male
247,Wilton,Gwillym,wgwillym6u@virginia.edu,Male
248,Kenyon,Pedlingham,kpedlingham6v@dot.gov,Male
249,Winny,Walcher,wwalcher6w@unicef.org,Male
250,Rurik,Dubock,rdubock6x@fotki.com,Male
251,Glyn,Lainge,glainge6y@shutterfly.com,Male
252,Kellby,Stockings,kstockings6z@dagondesign.com,Male
253,Sabina,Chippindall,schippindall70@chron.com,Female
254,Alexio,Jurca,ajurca71@umich.edu,Male
255,Janot,Razzell,jrazzell72@nps.gov,Female
256,Merna,Bisset,mbisset73@mapy.cz,Female
257,Jere,Calton,jcalton74@comsenz.com,Female
258,Roobbie,Morville,rmorville75@marriott.com,Female
259,Karee,Trenbey,ktrenbey76@mail.ru,Female
260,Roxie,Whatsize,rwhatsize77@noaa.gov,Female
261,Alfredo,Kowalik,akowalik78@imdb.com,Male
262,Bondie,Muggach,bmuggach79@wsj.com,Male
263,Andree,Burgin,aburgin7a@vkontakte.ru,Agender
264,Cam,Vellacott,cvellacott7b@purevolume.com,Female
265,Tatiana,Waterhouse,twaterhouse7c@cnn.com,Female
266,Rolfe,Poulsum,rpoulsum7d@people.com.cn,Male
267,Everard,Clarricoates,eclarricoates7e@drupal.org,Male
268,Wilek,Grimsey,wgrimsey7f@amazon.co.jp,Male
269,Olivie,Hinkensen,ohinkensen7g@state.gov,Female
270,Vanya,Sibun,vsibun7h@posterous.com,Male
271,Kile,Pettecrew,kpettecrew7i@economist.com,Male
272,Gnni,Purdey,gpurdey7j@hostgator.com,Female
273,Carolina,Crowest,ccrowest7k@shinystat.com,Female
274,Janine,Giovani,jgiovani7l@printfriendly.com,Agender
275,Matthias,Greiser,mgreiser7m@imgur.com,Male
276,Carl,Nowell,cnowell7n@jalbum.net,Male
277,Kilian,Whenman,kwhenman7o@w3.org,Male
278,Roth,Tire,rtire7p@google.cn,Male
279,Goraud,Cohan,gcohan7q@berkeley.edu,Male
280,Beau,Le Page,blepage7r@jugem.jp,Male
281,Minda,Paddingdon,mpaddingdon7s@zimbio.com,Female
282,Alden,Fenn,afenn7t@desdev.cn,Male
283,Temp,Bagehot,tbagehot7u@sogou.com,Male
284,Peggi,Muncaster,pmuncaster7v@mayoclinic.com,Female
285,Franciska,Beattie,fbeattie7w@salon.com,Female
286,Gunner,Perrot,gperrot7x@umn.edu,Male
287,Kane,Ferenc,kferenc7y@google.es,Male
288,Sunny,Zoane,szoane7z@vimeo.com,Female
289,Peggy,Denford,pdenford80@weather.com,Female
290,Marcy,D'Oyley,mdoyley81@123-reg.co.uk,Female
291,Angelika,Measen,ameasen82@mashable.com,Female
292,Clerkclaude,Gaucher,cgaucher83@altervista.org,Male
293,Free,Tanfield,ftanfield84@dell.com,Male
294,Torrey,Dobel,tdobel85@independent.co.uk,Male
295,Dud,Limpertz,dlimpertz86@lycos.com,Male
296,Michaelina,Stratiff,mstratiff87@360.cn,Female
297,Kirby,Nowland,knowland88@aol.com,Male
298,Kally,Prestland,kprestland89@xrea.com,Female
299,Margy,Hek,mhek8a@alibaba.com,Polygender
300,Florrie,Forestall,fforestall8b@dmoz.org,Female
301,Shane,Bagott,sbagott8c@jalbum.net,Female
302,Teodoro,Shepstone,tshepstone8d@wp.com,Male
303,April,Mogenot,amogenot8e@yolasite.com,Female
304,Barbra,Conor,bconor8f@google.cn,Female
305,Emlynn,Ginglell,eginglell8g@simplemachines.org,Female
306,Adolphe,Brashaw,abrashaw8h@infoseek.co.jp,Male
307,Nils,Kirvin,nkirvin8i@webmd.com,Male
308,Colas,Longworthy,clongworthy8j@fotki.com,Male
309,Drucie,Brouwer,dbrouwer8k@taobao.com,Female
310,Whitman,Smither,wsmither8l@booking.com,Male
311,Reece,Gyenes,rgyenes8m@hostgator.com,Male
312,Elly,Ambrosio,eambrosio8n@youku.com,Bigender
313,Mitchell,Wakeley,mwakeley8o@tinyurl.com,Male
314,Mariel,McGeraghty,mmcgeraghty8p@baidu.com,Female
315,Rosana,Maneylaws,rmaneylaws8q@loc.gov,Female
316,Lewes,Burtenshaw,lburtenshaw8r@fda.gov,Male
317,Hinda,Delion,hdelion8s@netscape.com,Female
318,Korney,Donkersley,kdonkersley8t@biblegateway.com,Female
319,Buck,Booy,bbooy8u@stanford.edu,Male
320,Isidor,Hayesman,ihayesman8v@uiuc.edu,Male
321,Cosmo,Brydon,cbrydon8w@plala.or.jp,Male
322,Alford,Bugge,abugge8x@princeton.edu,Male
323,Udale,Durbridge,udurbridge8y@google.es,Male
324,Katrine,Darrigrand,kdarrigrand8z@utexas.edu,Polygender
325,Sondra,Brosch,sbrosch90@paypal.com,Female
326,Martie,Jouhning,mjouhning91@unicef.org,Non-binary
327,Heall,Houtbie,hhoutbie92@uiuc.edu,Male
328,Boyd,Juste,bjuste93@webs.com,Male
329,Octavia,Cordell,ocordell94@harvard.edu,Female
330,Garvin,Hardwidge,ghardwidge95@nymag.com,Polygender
331,Garvy,Ruppertz,gruppertz96@dedecms.com,Male
332,Jay,Hebbard,jhebbard97@webmd.com,Male
333,Konstance,Khotler,kkhotler98@moonfruit.com,Female
334,Fiona,Crummey,fcrummey99@parallels.com,Female
335,Harcourt,Work,hwork9a@cbsnews.com,Male
336,Parke,Baum,pbaum9b@wunderground.com,Male
337,Shannan,Tschiersch,stschiersch9c@businessinsider.com,Male
338,Maynord,Blase,mblase9d@about.me,Male
339,Kare,Eate,keate9e@weather.com,Female
340,Chevalier,Mc Coughan,cmccoughan9f@rambler.ru,Male
341,Tammi,Alfwy,talfwy9g@scientificamerican.com,Female
342,Cordey,Fortun,cfortun9h@constantcontact.com,Female
343,Marcos,Maciunas,mmaciunas9i@gravatar.com,Male
344,Sisile,Zorzi,szorzi9j@nyu.edu,Female
345,Rab,Lightwing,rlightwing9k@hp.com,Male
346,Joela,Frick,jfrick9l@bing.com,Female
347,Petronille,Engelmann,pengelmann9m@4shared.com,Female
348,Robin,Pumphrey,rpumphrey9n@senate.gov,Female
349,Korella,Eglese,keglese9o@rakuten.co.jp,Female
350,Leland,Bartelli,lbartelli9p@issuu.com,Female
351,Ashely,Longson,alongson9q@prlog.org,Female
352,Ewart,Pieroni,epieroni9r@printfriendly.com,Male
353,Gill,Bartalucci,gbartalucci9s@seesaa.net,Male
354,Ephraim,Wilkes,ewilkes9t@omniture.com,Genderfluid
355,Deidre,Abramski,dabramski9u@addthis.com,Female
356,Tallou,Thurlbeck,tthurlbeck9v@auda.org.au,Female
357,Helenka,Mostyn,hmostyn9w@usa.gov,Female
358,Peggy,Burman,pburman9x@etsy.com,Female
359,Norrie,Giannotti,ngiannotti9y@shutterfly.com,Bigender
360,Chiquia,Wandtke,cwandtke9z@naver.com,Female
361,Melisandra,Newbery,mnewberya0@craigslist.org,Genderfluid
362,Dara,Ronci,droncia1@technorati.com,Female
363,Theodosia,Zuann,tzuanna2@github.com,Female
364,Tracey,Bydaway,tbydawaya3@sakura.ne.jp,Male
365,Yehudi,Kisbee,ykisbeea4@i2i.jp,Male
366,Francklin,Pullen,fpullena5@pcworld.com,Male
367,Zorina,Carryer,zcarryera6@biglobe.ne.jp,Female
368,Raychel,Stembridge,rstembridgea7@ftc.gov,Female
369,Pren,Kimberley,pkimberleya8@hugedomains.com,Male
370,Franchot,Maides,fmaidesa9@europa.eu,Male
371,Guillema,Westoff,gwestoffaa@wunderground.com,Female
372,Aloin,Donhardt,adonhardtab@geocities.jp,Male
373,Angus,Mc Giffin,amcgiffinac@merriam-webster.com,Male
374,Dieter,McQuorkell,dmcquorkellad@slashdot.org,Male
375,Mauricio,St. Hill,msthillae@nba.com,Male
376,Novelia,Wiggall,nwiggallaf@linkedin.com,Female
377,Albertina,Jesson,ajessonag@sourceforge.net,Female
378,Curr,Arnoud,carnoudah@upenn.edu,Male
379,Jacquelynn,Polon,jpolonai@smugmug.com,Genderqueer
380,Stirling,Chittey,schitteyaj@microsoft.com,Male
381,Ardelle,Speedy,aspeedyak@alibaba.com,Female
382,Emmalynn,MacCallister,emaccallisteral@lulu.com,Female
383,Zondra,Aneley,zaneleyam@dyndns.org,Female
384,Dulce,Lamberto,dlambertoan@upenn.edu,Female
385,Blane,O'Sheerin,bosheerinao@nytimes.com,Male
386,Ade,Eayrs,aeayrsap@samsung.com,Male
387,Clementina,Goney,cgoneyaq@seattletimes.com,Female
388,Sergio,Nutley,snutleyar@wiley.com,Male
389,Currie,Holdworth,choldworthas@cisco.com,Male
390,Valry,Bragge,vbraggeat@disqus.com,Female
391,Davidde,Rodolphe,drodolpheau@blogtalkradio.com,Male
392,Mack,Paxton,mpaxtonav@blogspot.com,Male
393,Cy,Giovannilli,cgiovannilliaw@weebly.com,Male
394,Rossy,MacDonald,rmacdonaldax@live.com,Male
395,Amory,Wyldes,awyldesay@homestead.com,Male
396,Had,Burehill,hburehillaz@tinyurl.com,Male
397,Morley,Manthroppe,mmanthroppeb0@storify.com,Male
398,Rosetta,D'Cruze,rdcruzeb1@smh.com.au,Female
399,Annelise,Kail,akailb2@github.com,Female
400,Daisey,Kunze,dkunzeb3@ycombinator.com,Female
401,Felizio,Yerbury,fyerburyb4@ft.com,Male
402,Ailyn,Hurle,ahurleb5@gov.uk,Female
403,Phyllida,Tonge,ptongeb6@freewebs.com,Female
404,Rriocard,MacAvaddy,rmacavaddyb7@vkontakte.ru,Polygender
405,Arlee,Loughead,alougheadb8@vk.com,Bigender
406,Creight,Storey,cstoreyb9@vistaprint.com,Male
407,Lark,Barham,lbarhamba@mozilla.com,Female
408,Leonore,Moniker,lmonikerbb@webnode.com,Female
409,Ogdon,Chritchlow,ochritchlowbc@unblog.fr,Male
410,Ruperto,Blincow,rblincowbd@histats.com,Male
411,Wendy,Lunck,wlunckbe@fc2.com,Female
412,Coreen,Datte,cdattebf@theatlantic.com,Female
413,Zared,Adenet,zadenetbg@issuu.com,Male
414,Matilda,Porson,mporsonbh@blinklist.com,Female
415,Claudie,Carlyon,ccarlyonbi@jalbum.net,Female
416,Bendix,Gammel,bgammelbj@barnesandnoble.com,Male
417,Fawne,Cawthery,fcawtherybk@paypal.com,Female
418,Luelle,Fairnington,lfairningtonbl@irs.gov,Female
419,Marv,Walsham,mwalshambm@howstuffworks.com,Male
420,Harlan,Rollins,hrollinsbn@edublogs.org,Male
421,Tracey,Stribbling,tstribblingbo@bizjournals.com,Female
422,Christoffer,Machon,cmachonbp@surveymonkey.com,Male
423,Raphaela,Milner,rmilnerbq@about.com,Female
424,Trish,Shadfourth,tshadfourthbr@seesaa.net,Non-binary
425,Gav,Insley,ginsleybs@vkontakte.ru,Non-binary
426,Auberon,Feavyour,afeavyourbt@go.com,Male
427,Inglis,Askaw,iaskawbu@hatena.ne.jp,Male
428,Regan,Lowde,rlowdebv@privacy.gov.au,Non-binary
429,Barnie,Attwoul,battwoulbw@businessinsider.com,Male
430,Shelli,Couper,scouperbx@drupal.org,Female
431,Myca,Rizon,mrizonby@blogtalkradio.com,Male
432,Alain,Wixey,awixeybz@domainmarket.com,Genderqueer
433,Koral,Merwe,kmerwec0@netlog.com,Female
434,Delainey,Sleath,dsleathc1@technorati.com,Male
435,Vere,Tofful,vtoffulc2@tiny.cc,Female
436,Gilberta,Tomaselli,gtomasellic3@merriam-webster.com,Female
437,Joaquin,Swindlehurst,jswindlehurstc4@liveinternet.ru,Male
438,Kamillah,Mellodey,kmellodeyc5@etsy.com,Female
439,Chic,Dines,cdinesc6@chron.com,Male
440,Orson,Inett,oinettc7@hibu.com,Male
441,Myrvyn,Dawltrey,mdawltreyc8@businessweek.com,Agender
442,Nydia,Coslitt,ncoslittc9@paypal.com,Female
443,Putnem,Kemish,pkemishca@smugmug.com,Male
444,Keen,Plaskett,kplaskettcb@booking.com,Male
445,Yankee,Blakden,yblakdencc@drupal.org,Male
446,Noel,Wickie,nwickiecd@e-recht24.de,Female
447,Emiline,Ronayne,eronaynece@ucoz.com,Female
448,Woodrow,Tipton,wtiptoncf@arstechnica.com,Male
449,Brewster,Baldcock,bbaldcockcg@bluehost.com,Male
450,Joseito,Castiglioni,jcastiglionich@1und1.de,Polygender
451,Rafaellle,Tarren,rtarrenci@hexun.com,Male
452,Engelbert,Nattriss,enattrisscj@vkontakte.ru,Male
453,Rudolfo,Kerfoot,rkerfootck@psu.edu,Male
454,Jackson,Eykelhof,jeykelhofcl@etsy.com,Male
455,Algernon,Slaughter,aslaughtercm@wikia.com,Non-binary
456,Garvy,Waddup,gwaddupcn@telegraph.co.uk,Agender
457,Kimbra,Livermore,klivermoreco@intel.com,Female
458,Aindrea,Flahy,aflahycp@weather.com,Genderqueer
459,Johanna,Mingey,jmingeycq@pbs.org,Female
460,Kylynn,Crowter,kcrowtercr@privacy.gov.au,Female
461,Cherida,Tokell,ctokellcs@ftc.gov,Female
462,Leone,Warrener,lwarrenerct@linkedin.com,Female
463,Rena,Cisson,rcissoncu@sogou.com,Female
464,Kile,Lamort,klamortcv@google.com.hk,Male
465,Gran,Biggam,gbiggamcw@netvibes.com,Male
466,Fleming,Wymer,fwymercx@chicagotribune.com,Male
467,Ulises,Garry,ugarrycy@google.ca,Male
468,Sean,Barten,sbartencz@cam.ac.uk,Female
469,Cassandre,Wastling,cwastlingd0@hatena.ne.jp,Female
470,See,Dollard,sdollardd1@paginegialle.it,Male
471,Dionisio,Bointon,dbointond2@amazonaws.com,Male
472,Torin,Riddell,triddelld3@blog.com,Male
473,Ermentrude,Harty,ehartyd4@irs.gov,Non-binary
474,Guglielmo,Spears,gspearsd5@exblog.jp,Male
475,Ada,Ritchie,aritchied6@senate.gov,Female
476,Zorine,Glencrosche,zglencrosched7@blogs.com,Female
477,Cointon,Cheston,cchestond8@google.com.au,Polygender
478,Rayna,Bernette,rbernetted9@umn.edu,Female
479,Belia,Gerrard,bgerrardda@google.nl,Female
480,Ford,Cockshutt,fcockshuttdb@mtv.com,Genderfluid
481,Emyle,Kelby,ekelbydc@cornell.edu,Female
482,Albrecht,Najara,anajaradd@redcross.org,Male
483,Georgeanne,McTavy,gmctavyde@tuttocitta.it,Female
484,Kristofer,Moresby,kmoresbydf@latimes.com,Male
485,Sindee,Kenwright,skenwrightdg@google.de,Female
486,Rosaline,Beacham,rbeachamdh@businesswire.com,Female
487,Vannie,Archbould,varchboulddi@sciencedirect.com,Female
488,Dewie,Stogill,dstogilldj@slate.com,Male
489,Vikky,Dyers,vdyersdk@si.edu,Female
490,Kienan,Hayer,khayerdl@163.com,Male
491,Gertrude,Corbert,gcorbertdm@cdc.gov,Female
492,Stacee,Warlow,swarlowdn@bloglines.com,Male
493,Analise,McPhillips,amcphillipsdo@opera.com,Female
494,Fairlie,Alps,falpsdp@cornell.edu,Male
495,Theressa,Deny,tdenydq@miibeian.gov.cn,Female
496,Curcio,Coenraets,ccoenraetsdr@yelp.com,Male
497,Dorian,Wharby,dwharbyds@ed.gov,Female
498,Butch,Kynoch,bkynochdt@archive.org,Male
499,David,Sitwell,dsitwelldu@freewebs.com,Polygender
500,Lorrin,Font,lfontdv@fotki.com,Female
501,Mirilla,Plumbridge,mplumbridgedw@yellowpages.com,Non-binary
502,Astrid,Snook,asnookdx@amazonaws.com,Female
503,Boniface,Summerell,bsummerelldy@angelfire.com,Male
504,Luce,Eilles,leillesdz@i2i.jp,Male
505,Megan,Froud,mfroude0@dailymail.co.uk,Agender
506,Lisabeth,Boddy,lboddye1@weibo.com,Female
507,Arlyne,Dasent,adasente2@tripod.com,Female
508,Jamesy,Coston,jcostone3@slideshare.net,Male
509,Maggee,Clayworth,mclayworthe4@miitbeian.gov.cn,Female
510,Brandtr,Cardoso,bcardosoe5@shareasale.com,Male
511,Taite,Maken,tmakene6@yahoo.com,Bigender
512,Mickey,de Keep,mdekeepe7@npr.org,Male
513,Jocelyn,Kloser,jklosere8@woothemes.com,Female
514,Fidel,Hawtry,fhawtrye9@ed.gov,Male
515,Gerome,Dunstone,gdunstoneea@tiny.cc,Male
516,Patrizio,Ortega,portegaeb@earthlink.net,Male
517,Philippine,Francklin,pfrancklinec@msu.edu,Female
518,Parrnell,Greenhill,pgreenhilled@imgur.com,Male
519,Callean,Shower,cshoweree@wisc.edu,Male
520,Ardenia,Van Arsdale,avanarsdaleef@microsoft.com,Female
521,Karlens,Juliano,kjulianoeg@bing.com,Male
522,Currie,Platts,cplattseh@ycombinator.com,Male
523,Rriocard,Gras,rgrasei@narod.ru,Male
524,Cristabel,Banger,cbangerej@scientificamerican.com,Female
525,Wally,Sandars,wsandarsek@apache.org,Male
526,Scarlett,Marrion,smarrionel@cisco.com,Female
527,Adam,Acum,aacumem@chron.com,Male
528,Arnold,Bauldry,abauldryen@trellian.com,Male
529,Jobina,Trafford,jtraffordeo@digg.com,Female
530,Archambault,Copcutt,acopcuttep@wikispaces.com,Male
531,Ephraim,Moral,emoraleq@xrea.com,Genderqueer
532,Auberta,Barense,abarenseer@github.com,Female
533,Orbadiah,Perott,operottes@independent.co.uk,Male
534,Gerrard,Lenz,glenzet@intel.com,Male
535,Amber,Foster,afostereu@dot.gov,Female
536,Bern,Parfrey,bparfreyev@tinyurl.com,Male
537,Ulrich,Greser,ugreserew@addtoany.com,Male
538,Kristo,Bransom,kbransomex@e-recht24.de,Male
539,Teddy,Folkerts,tfolkertsey@fotki.com,Male
540,Floris,Halso,fhalsoez@com.com,Female
541,Patrica,Flexman,pflexmanf0@amazon.co.uk,Female
542,Carlin,Brizland,cbrizlandf1@meetup.com,Male
543,Jilleen,Boydon,jboydonf2@va.gov,Female
544,Sibyl,Olliffe,solliffef3@etsy.com,Female
545,Agnesse,McIlhone,amcilhonef4@intel.com,Female
546,Libbie,Michin,lmichinf5@instagram.com,Bigender
547,Moria,Petti,mpettif6@guardian.co.uk,Genderfluid
548,Clari,Priddy,cpriddyf7@posterous.com,Female
549,Rayna,Kirtlan,rkirtlanf8@tinyurl.com,Female
550,Sebastian,Golthorpp,sgolthorppf9@tmall.com,Male
551,Rand,Grimmer,rgrimmerfa@dedecms.com,Male
552,Gabriel,Philippou,gphilippoufb@fda.gov,Male
553,Barbee,Thomann,bthomannfc@g.co,Female
554,Carolyn,Lardnar,clardnarfd@skype.com,Genderqueer
555,Brian,Faireclough,bfairecloughfe@admin.ch,Male
556,Sigfried,Swan,sswanff@unc.edu,Male
557,Farrel,Bontoft,fbontoftfg@bbb.org,Male
558,Vina,Twiggs,vtwiggsfh@europa.eu,Female
559,Maia,Gillbe,mgillbefi@youku.com,Female
560,Ennis,Simonett,esimonettfj@pbs.org,Male
561,Austine,Rawkesby,arawkesbyfk@vistaprint.com,Agender
562,Kira,Spaule,kspaulefl@dailymail.co.uk,Female
563,Den,Siggs,dsiggsfm@ezinearticles.com,Male
564,Horst,Axtonne,haxtonnefn@samsung.com,Male
565,Alison,Aldrick,aaldrickfo@netvibes.com,Female
566,Currey,Brandolini,cbrandolinifp@fema.gov,Male
567,Pammy,Arbon,parbonfq@rakuten.co.jp,Female
568,Aleece,Lightwing,alightwingfr@smh.com.au,Female
569,Marje,Checketts,mcheckettsfs@ted.com,Female
570,Jarrod,Figge,jfiggeft@ask.com,Male
571,Erie,Yurkin,eyurkinfu@arizona.edu,Male
572,Tobye,Dunrige,tdunrigefv@google.es,Female
573,Marleen,McCafferky,mmccafferkyfw@washingtonpost.com,Female
574,Colly,Kobiera,ckobierafx@1688.com,Genderfluid
575,Drucill,de Clerc,ddeclercfy@lulu.com,Agender
576,Gabey,Loy,gloyfz@google.com.br,Female
577,Clyve,Serjent,cserjentg0@patch.com,Male
578,Morgana,Fettiplace,mfettiplaceg1@exblog.jp,Female
579,Terrance,Corr,tcorrg2@samsung.com,Male
580,De witt,Cawthry,dcawthryg3@issuu.com,Male
581,Killie,Mozzi,kmozzig4@360.cn,Male
582,Morgan,Karpfen,mkarpfeng5@bloglines.com,Female
583,Zacharia,Yu,zyug6@typepad.com,Male
584,Edy,Rollings,erollingsg7@columbia.edu,Agender
585,Dee dee,Masterson,dmastersong8@sciencedaily.com,Female
586,Tynan,Pieper,tpieperg9@hubpages.com,Male
587,Jennie,Choulerton,jchoulertonga@qq.com,Female
588,Rafaello,Bewly,rbewlygb@google.pl,Male
589,Mirabel,Clawsley,mclawsleygc@nih.gov,Female
590,Demetre,Siehard,dsiehardgd@google.com.au,Male
591,Purcell,Penritt,ppenrittge@state.gov,Male
592,La verne,Leport,lleportgf@alibaba.com,Female
593,Bernardo,Devons,bdevonsgg@vk.com,Male
594,William,Caroline,wcarolinegh@g.co,Bigender
595,Jayne,La Wille,jlawillegi@hatena.ne.jp,Female
596,Michaeline,Swidenbank,mswidenbankgj@sfgate.com,Female
597,Berta,Morgue,bmorguegk@mtv.com,Female
598,Troy,Haukey,thaukeygl@cnn.com,Genderfluid
599,Marabel,Yate,myategm@angelfire.com,Female
600,Eugenio,Colnett,ecolnettgn@dell.com,Male
601,Allissa,Lesley,alesleygo@icio.us,Female
602,Wakefield,Traher,wtrahergp@goodreads.com,Male
603,Glen,Doncaster,gdoncastergq@edublogs.org,Male
604,Artur,Mainston,amainstongr@amazon.co.uk,Non-binary
605,Benji,Fawlks,bfawlksgs@phoca.cz,Male
606,Vanda,Langshaw,vlangshawgt@mapquest.com,Non-binary
607,Gerhardt,Longo,glongogu@bizjournals.com,Male
608,Sharlene,Eim,seimgv@bbc.co.uk,Female
609,Corabella,Lillicrap,clillicrapgw@soup.io,Female
610,Vivia,Corck,vcorckgx@csmonitor.com,Female
611,Karia,Catford,kcatfordgy@yahoo.com,Female
612,Lavina,Ahearne,lahearnegz@mit.edu,Female
613,Ezechiel,Edmeades,eedmeadesh0@hao123.com,Male
614,Riki,Herculeson,rherculesonh1@csmonitor.com,Genderqueer
615,Francis,Rosenberg,frosenbergh2@newyorker.com,Male
616,Stoddard,Kemish,skemishh3@naver.com,Female
617,Margo,Malpas,mmalpash4@photobucket.com,Female
618,Maryann,Denisard,mdenisardh5@prlog.org,Polygender
619,Chere,Borham,cborhamh6@edublogs.org,Female
620,Jena,Gooms,jgoomsh7@aboutads.info,Female
621,Eleonora,Cowlam,ecowlamh8@pinterest.com,Female
622,Brena,Maylard,bmaylardh9@desdev.cn,Female
623,Moise,Fawdery,mfawderyha@goodreads.com,Male
624,Elysha,Champerlen,echamperlenhb@e-recht24.de,Female
625,Eadmund,McHenry,emchenryhc@hc360.com,Male
626,Loraine,Reedyhough,lreedyhoughhd@columbia.edu,Female
627,Mikey,Yeend,myeendhe@github.io,Male
628,Scarlett,Leinthall,sleinthallhf@indiegogo.com,Female
629,Evelyn,Ascraft,eascrafthg@eepurl.com,Female
630,Blaire,Hogben,bhogbenhh@elpais.com,Female
631,Ethelred,Murdie,emurdiehi@ibm.com,Male
632,Fonz,Care,fcarehj@chicagotribune.com,Male
633,Cicely,De Filippis,cdefilippishk@phpbb.com,Female
634,Melany,Hanster,mhansterhl@51.la,Female
635,Aubry,Hubbart,ahubbarthm@va.gov,Female
636,Christiano,Addinall,caddinallhn@blogs.com,Male
637,Angie,Skyrme,askyrmeho@php.net,Female
638,Zollie,Reilly,zreillyhp@rediff.com,Male
639,Welby,Sparshott,wsparshotthq@discovery.com,Male
640,Bunny,Harden,bhardenhr@ask.com,Female
641,Tallou,Racher,tracherhs@mtv.com,Non-binary
642,Amandie,Ormshaw,aormshawht@netscape.com,Female
643,Tuesday,Brabbs,tbrabbshu@salon.com,Female
644,Mohandas,Norcutt,mnorcutthv@yahoo.com,Male
645,Killy,Beston,kbestonhw@amazon.co.uk,Genderfluid
646,Kaine,Renforth,krenforthhx@ifeng.com,Male
647,Vivianna,Marriott,vmarriotthy@desdev.cn,Female
648,Steffane,Jakaway,sjakawayhz@nytimes.com,Female
649,Vikki,Fleetwood,vfleetwoodi0@tuttocitta.it,Female
650,Terrel,Seabourne,tseabournei1@merriam-webster.com,Male
651,Tadio,Lowery,tloweryi2@ucoz.com,Male
652,Beatrisa,Jannasch,bjannaschi3@amazon.co.jp,Female
653,Maighdiln,Prantoni,mprantonii4@51.la,Female
654,Berenice,Wiersma,bwiersmai5@huffingtonpost.com,Female
655,Hana,Ablitt,hablitti6@wufoo.com,Female
656,Winfred,Pennetti,wpennettii7@google.com.br,Male
657,Wally,Goodacre,wgoodacrei8@loc.gov,Male
658,Osborne,Baistow,obaistowi9@usa.gov,Male
659,Idalia,Zylbermann,izylbermannia@cnn.com,Female
660,Clarke,Antliff,cantliffib@bbb.org,Male
661,Rickey,Duinkerk,rduinkerkic@yelp.com,Male
662,Floyd,Alekseev,falekseevid@prlog.org,Male
663,Duane,Cleghorn,dcleghornie@chron.com,Male
664,Melody,Filipson,mfilipsonif@sbwire.com,Female
665,Elfreda,Manicom,emanicomig@shutterfly.com,Female
666,Sigmund,Dudbridge,sdudbridgeih@google.de,Male
667,Wilhelm,Januszewicz,wjanuszewiczii@purevolume.com,Male
668,Granny,Khrishtafovich,gkhrishtafovichij@who.int,Male
669,Jess,Scandred,jscandredik@boston.com,Male
670,Beitris,McIlharga,bmcilhargail@nymag.com,Female
671,Jud,Mongain,jmongainim@psu.edu,Male
672,Renae,Feldheim,rfeldheimin@toplist.cz,Female
673,Sandie,Opie,sopieio@sfgate.com,Female
674,Osbert,Monier,omonierip@hugedomains.com,Male
675,Daron,Quickenden,dquickendeniq@1und1.de,Female
676,Karoline,Jinkinson,kjinkinsonir@1und1.de,Female
677,Noella,Livard,nlivardis@stumbleupon.com,Female
678,Bella,Pitsall,bpitsallit@altervista.org,Female
679,Torrie,Glaze,tglazeiu@cisco.com,Female
680,Brina,Brugh,bbrughiv@ezinearticles.com,Female
681,Bree,Killelea,bkilleleaiw@xing.com,Female
682,Dwain,McCurley,dmccurleyix@gizmodo.com,Polygender
683,Trixy,MacSween,tmacsweeniy@irs.gov,Female
684,Madelena,Moorman,mmoormaniz@newsvine.com,Genderqueer
685,Carmelia,Tolomio,ctolomioj0@cnet.com,Female
686,Lanae,Rofe,lrofej1@tuttocitta.it,Female
687,Doria,Hegley,dhegleyj2@goo.gl,Female
688,Nannie,Hellier,nhellierj3@is.gd,Female
689,Constantin,Gash,cgashj4@etsy.com,Male
690,Thomasina,Nozzolinii,tnozzoliniij5@ted.com,Female
691,Jere,Betts,jbettsj6@weebly.com,Female
692,Lotti,Izzat,lizzatj7@cocolog-nifty.com,Female
693,Von,Such,vsuchj8@tmall.com,Male
694,Vivyanne,Castiglio,vcastiglioj9@constantcontact.com,Female
695,Bret,Francescuzzi,bfrancescuzzija@eventbrite.com,Male
696,Dedra,Reinbeck,dreinbeckjb@livejournal.com,Female
697,Corbett,Granville,cgranvillejc@cocolog-nifty.com,Male
698,Coralie,Slatten,cslattenjd@businesswire.com,Female
699,Mohandis,Steven,mstevenje@rambler.ru,Male
700,Nikolaos,Ronan,nronanjf@instagram.com,Male
701,Nancee,Butts,nbuttsjg@usa.gov,Female
702,Quinta,Wrigley,qwrigleyjh@g.co,Female
703,Flint,Southam,fsouthamji@sbwire.com,Male
704,Nanni,Skeldon,nskeldonjj@netlog.com,Polygender
705,Fidela,Checchetelli,fchecchetellijk@homestead.com,Female
706,Nichole,Pauley,npauleyjl@oaic.gov.au,Female
707,Cesya,Brosenius,cbroseniusjm@tripod.com,Female
708,Christiana,McGill,cmcgilljn@prnewswire.com,Female
709,Vi,Takkos,vtakkosjo@virginia.edu,Female
710,Herrick,Bompass,hbompassjp@comsenz.com,Agender
711,Florencia,Beckwith,fbeckwithjq@4shared.com,Female
712,Dov,Laurens,dlaurensjr@paypal.com,Male
713,Launce,Wormell,lwormelljs@blogs.com,Male
714,Amalee,Serchwell,aserchwelljt@skyrock.com,Female
715,Diandra,Jendas,djendasju@so-net.ne.jp,Female
716,Odelle,Ferens,oferensjv@msu.edu,Female
717,Ross,Allchorne,rallchornejw@spotify.com,Male
718,Mela,Alloway,mallowayjx@exblog.jp,Female
719,Tera,Alaway,talawayjy@ucoz.com,Female
720,Dewain,Haythornthwaite,dhaythornthwaitejz@qq.com,Male
721,Benedict,Scough,bscoughk0@hhs.gov,Male
722,Carlita,Bernucci,cbernuccik1@elpais.com,Female
723,Erastus,Luety,eluetyk2@walmart.com,Male
724,Arlana,Weildish,aweildishk3@yandex.ru,Female
725,Omar,Tregea,otregeak4@dot.gov,Male
726,Codie,Biles,cbilesk5@bluehost.com,Male
727,Gabriel,Redgate,gredgatek6@pagesperso-orange.fr,Female
728,Jareb,Withull,jwithullk7@tamu.edu,Male
729,Elene,Kolyagin,ekolyagink8@who.int,Female
730,Darda,Walkden,dwalkdenk9@tuttocitta.it,Genderqueer
731,Kacey,Demange,kdemangeka@smugmug.com,Female
732,Starla,Le Barr,slebarrkb@europa.eu,Genderqueer
733,Therese,Janaszkiewicz,tjanaszkiewiczkc@parallels.com,Female
734,Leesa,Scala,lscalakd@prweb.com,Female
735,Foss,Rasor,frasorke@berkeley.edu,Male
736,Kerr,McCourtie,kmccourtiekf@wix.com,Male
737,Rafe,Havik,rhavikkg@mediafire.com,Male
738,Vlad,Sehorsch,vsehorschkh@toplist.cz,Genderfluid
739,Land,Roocroft,lroocroftki@unesco.org,Male
740,Seymour,Guiduzzi,sguiduzzikj@ed.gov,Male
741,Phillipe,Bache,pbachekk@java.com,Male
742,Amy,Foale,afoalekl@nydailynews.com,Female
743,Marcile,Chippindall,mchippindallkm@dell.com,Female
744,Libbie,Sibary,lsibarykn@vimeo.com,Female
745,Zulema,Learmont,zlearmontko@rakuten.co.jp,Female
746,Jo ann,Stobbes,jstobbeskp@barnesandnoble.com,Female
747,Robby,Stoll,rstollkq@ihg.com,Male
748,Lisetta,Hinnerk,lhinnerkkr@ow.ly,Female
749,Carlin,Barenski,cbarenskiks@patch.com,Female
750,Vittoria,Downie,vdowniekt@deviantart.com,Female
751,Baillie,Gullyes,bgullyesku@tinypic.com,Non-binary
752,Ekaterina,Blowes,ebloweskv@irs.gov,Female
753,Kaylil,Calam,kcalamkw@cbc.ca,Female
754,Justis,Mosedale,jmosedalekx@phoca.cz,Male
755,Roth,Chalmers,rchalmersky@devhub.com,Male
756,Karoly,Kayser,kkayserkz@bravesites.com,Male
757,Gerald,Wain,gwainl0@twitpic.com,Male
758,Ellary,Weighell,eweighelll1@narod.ru,Male
759,Estel,Whitwam,ewhitwaml2@google.fr,Female
760,Sullivan,Ismay,sismayl3@nytimes.com,Male
761,Clarisse,Coughan,ccoughanl4@chronoengine.com,Female
762,Hobart,Methven,hmethvenl5@gnu.org,Male
763,Bobbee,Eim,beiml6@nymag.com,Non-binary
764,Dehlia,Bartelot,dbartelotl7@house.gov,Female
765,Cedric,Copas,ccopasl8@hao123.com,Male
766,Cello,Larvin,clarvinl9@nifty.com,Male
767,Meredeth,Behrendsen,mbehrendsenla@pinterest.com,Non-binary
768,Kimmi,MacCartair,kmaccartairlb@europa.eu,Female
769,Norean,Mourant,nmourantlc@moonfruit.com,Female
770,Kore,Daouse,kdaouseld@sbwire.com,Agender
771,Sergio,Dixsee,sdixseele@blog.com,Male
772,Liliane,Gerraty,lgerratylf@reuters.com,Female
773,Mellie,Jovic,mjoviclg@engadget.com,Female
774,Sterne,McBeth,smcbethlh@usnews.com,Male
775,Gayleen,Saylor,gsaylorli@blogspot.com,Female
776,Ruthie,Hentze,rhentzelj@odnoklassniki.ru,Female
777,Bryn,Blackbourn,bblackbournlk@vkontakte.ru,Female
778,Reta,D'Antuoni,rdantuonill@accuweather.com,Female
779,Maren,Wooding,mwoodinglm@myspace.com,Polygender
780,Townsend,Gwinnel,tgwinnelln@storify.com,Male
781,Delia,Borchardt,dborchardtlo@jiathis.com,Female
782,Mitzi,Greig,mgreiglp@wufoo.com,Female
783,Benn,Geraghty,bgeraghtylq@smugmug.com,Male
784,Winna,Grissett,wgrissettlr@psu.edu,Female
785,Winifred,Keward,wkewardls@quantcast.com,Female
786,Rene,Harlin,rharlinlt@lulu.com,Female
787,Tracey,Blees,tbleeslu@google.com.hk,Male
788,Jemimah,McShirrie,jmcshirrielv@posterous.com,Female
789,Maximilien,O'Shaughnessy,moshaughnessylw@apache.org,Male
790,Vivyan,Cacacie,vcacacielx@ebay.co.uk,Female
791,Cristen,Causier,ccausierly@ustream.tv,Bigender
792,Fanchette,Tatam,ftatamlz@unesco.org,Agender
793,Ricky,Birtwisle,rbirtwislem0@jigsy.com,Non-binary
794,Tobie,Portwain,tportwainm1@mapy.cz,Male
795,Wilfred,Shewery,wshewerym2@rediff.com,Male
796,Brana,Addess,baddessm3@themeforest.net,Female
797,Lucky,Hambright,lhambrightm4@wikimedia.org,Female
798,Sherm,Simner,ssimnerm5@unicef.org,Male
799,Orin,Fookes,ofookesm6@tumblr.com,Non-binary
800,Samuel,Yeudall,syeudallm7@dedecms.com,Male
801,Shaw,Olyunin,solyuninm8@skyrock.com,Male
802,Ambrosio,Spinola,aspinolam9@reverbnation.com,Male
803,Alissa,Lacheze,alachezema@bloomberg.com,Female
804,Ardella,Letford,aletfordmb@scribd.com,Female
805,Hannah,Larkworthy,hlarkworthymc@privacy.gov.au,Non-binary
806,Temple,Cooley,tcooleymd@pen.io,Male
807,Brandi,Pioli,bpiolime@google.ru,Female
808,Devlin,Farryann,dfarryannmf@fastcompany.com,Male
809,Jaymee,Peckitt,jpeckittmg@multiply.com,Bigender
810,Harlan,Dearn,hdearnmh@nytimes.com,Male
811,Merilee,Mains,mmainsmi@clickbank.net,Female
812,Rodrigo,Brymham,rbrymhammj@ezinearticles.com,Male
813,Claiborn,Sydney,csydneymk@phpbb.com,Male
814,Borden,Caslin,bcaslinml@uol.com.br,Male
815,Artus,Lancett,alancettmm@nydailynews.com,Male
816,Evonne,Boycott,eboycottmn@salon.com,Female
817,Arnold,Haquard,ahaquardmo@edublogs.org,Male
818,Karyn,Giacometti,kgiacomettimp@moonfruit.com,Female
819,Edmon,Jeves,ejevesmq@sogou.com,Male
820,Gaspar,Klessmann,gklessmannmr@europa.eu,Male
821,Arman,Shreve,ashrevems@jugem.jp,Male
822,Hollie,Peat,hpeatmt@123-reg.co.uk,Female
823,Sigvard,Foister,sfoistermu@live.com,Polygender
824,Sasha,Ilyenko,silyenkomv@oracle.com,Female
825,Valentijn,Mival,vmivalmw@epa.gov,Male
826,Magnum,Gloyens,mgloyensmx@diigo.com,Male
827,Nickey,Clapshaw,nclapshawmy@example.com,Male
828,Eliot,Bosquet,ebosquetmz@latimes.com,Male
829,Hazlett,Summerside,hsummersiden0@free.fr,Male
830,Jeana,Gerrit,jgerritn1@yelp.com,Female
831,Marj,Bilsford,mbilsfordn2@skyrock.com,Female
832,Yorke,Broadbridge,ybroadbridgen3@meetup.com,Male
833,Roderic,Hostan,rhostann4@shop-pro.jp,Male
834,Corbin,Edens,cedensn5@lulu.com,Male
835,Karney,O'Reilly,koreillyn6@acquirethisname.com,Male
836,Jackelyn,Oxterby,joxterbyn7@wired.com,Female
837,Nicky,Ough,noughn8@ameblo.jp,Male
838,Daile,Woolley,dwoolleyn9@google.es,Agender
839,Culver,Paskell,cpaskellna@fc2.com,Bigender
840,Chrissy,Verrill,cverrillnb@wsj.com,Female
841,Saxe,Stadding,sstaddingnc@nature.com,Male
842,Oliver,Tardiff,otardiffnd@sciencedaily.com,Male
843,Esma,Grimley,egrimleyne@nbcnews.com,Female
844,Tommy,Dursley,tdursleynf@uol.com.br,Polygender
845,Concordia,Johncey,cjohnceyng@unblog.fr,Female
846,Ringo,Ponter,rponternh@weibo.com,Male
847,Shandie,Shelper,sshelperni@wp.com,Female
848,Merrick,Breadon,mbreadonnj@spotify.com,Male
849,Lonni,Mingey,lmingeynk@cisco.com,Female
850,Anton,Bazelle,abazellenl@topsy.com,Male
851,Berget,May,bmaynm@youtu.be,Female
852,Kynthia,Clulow,kclulownn@networkadvertising.org,Female
853,Conn,Munkley,cmunkleyno@vk.com,Male
854,Dewain,Whitley,dwhitleynp@w3.org,Male
855,Abran,Metzel,ametzelnq@shop-pro.jp,Male
856,Gilli,Deevey,gdeeveynr@1688.com,Female
857,Gifford,Eldredge,geldredgens@hatena.ne.jp,Male
858,Harlene,Habard,hhabardnt@techcrunch.com,Female
859,Ardith,Guillerman,aguillermannu@howstuffworks.com,Female
860,Gunter,De Cristofalo,gdecristofalonv@com.com,Male
861,Briano,Dougherty,bdoughertynw@taobao.com,Male
862,Domeniga,Dilawey,ddilaweynx@salon.com,Female
863,Jacquelin,Chezelle,jchezelleny@histats.com,Female
864,Mac,Horrell,mhorrellnz@tuttocitta.it,Male
865,Leanor,Durnell,ldurnello0@tiny.cc,Female
866,Obidiah,Farryn,ofarryno1@newsvine.com,Male
867,Bram,Dingsdale,bdingsdaleo2@ftc.gov,Male
868,Hervey,Braznell,hbraznello3@sphinn.com,Male
869,Urbain,Colleer,ucolleero4@reverbnation.com,Male
870,Ike,Jennison,ijennisono5@quantcast.com,Male
871,Lucy,Briiginshaw,lbriiginshawo6@comcast.net,Female
872,Fields,Budgey,fbudgeyo7@guardian.co.uk,Male
873,Kingsley,Duddy,kduddyo8@scribd.com,Male
874,Miles,Swaile,mswaileo9@reddit.com,Male
875,Renae,Gariff,rgariffoa@auda.org.au,Female
876,Irene,Casiero,icasieroob@globo.com,Female
877,Cobbie,Hynde,chyndeoc@google.ca,Male
878,Myrtice,Harriskine,mharriskineod@telegraph.co.uk,Female
879,Gardener,Stuckley,gstuckleyoe@slashdot.org,Male
880,Cristian,Charrisson,ccharrissonof@nbcnews.com,Male
881,Katina,Martijn,kmartijnog@ed.gov,Female
882,Maggee,Moret,mmoretoh@bbb.org,Female
883,Karim,Courtin,kcourtinoi@reverbnation.com,Male
884,Dane,Bratt,dbrattoj@globo.com,Male
885,Jamima,Findley,jfindleyok@altervista.org,Female
886,Alfie,Dimelow,adimelowol@123-reg.co.uk,Female
887,Pincus,Spellicy,pspellicyom@harvard.edu,Male
888,Chane,Satteford,csattefordon@dell.com,Male
889,Sig,McIlwreath,smcilwreathoo@hexun.com,Male
890,Fernanda,Blofield,fblofieldop@pcworld.com,Female
891,Merwyn,Jopson,mjopsonoq@reddit.com,Male
892,Torey,Novak,tnovakor@phpbb.com,Female
893,Christin,Fasey,cfaseyos@cam.ac.uk,Female
894,Aaron,MacKain,amackainot@ox.ac.uk,Male
895,Fae,Genny,fgennyou@cbslocal.com,Female
896,Hilary,Stangoe,hstangoeov@nationalgeographic.com,Female
897,Allayne,Garrique,agarriqueow@dagondesign.com,Male
898,Solly,Nestoruk,snestorukox@networksolutions.com,Male
899,Rubi,Jerrold,rjerroldoy@technorati.com,Female
900,Vyky,Bidewell,vbidewelloz@irs.gov,Female
901,Karee,Saynor,ksaynorp0@dyndns.org,Female
902,Patric,Hundall,phundallp1@craigslist.org,Male
903,Sergio,Colisbe,scolisbep2@admin.ch,Male
904,Reese,Goshawke,rgoshawkep3@blog.com,Male
905,Laverna,Bucklee,lbuckleep4@twitter.com,Female
906,Halette,Gillimgham,hgillimghamp5@godaddy.com,Female
907,Demetri,Jurzyk,djurzykp6@usnews.com,Male
908,Morrie,Scarsbrook,mscarsbrookp7@washington.edu,Male
909,Gianni,MacKeever,gmackeeverp8@xinhuanet.com,Bigender
910,Alexis,Blackaller,ablackallerp9@i2i.jp,Male
911,Fielding,Louisot,flouisotpa@nifty.com,Male
912,Selene,Chadderton,schaddertonpb@aol.com,Female
913,Sylvan,Jarratt,sjarrattpc@google.es,Male
914,Caprice,Crampsy,ccrampsypd@topsy.com,Female
915,Mose,Sandbrook,msandbrookpe@t.co,Male
916,Thorn,Witherow,twitherowpf@live.com,Male
917,Sylas,Dundon,sdundonpg@intel.com,Male
918,Mack,Beckhurst,mbeckhurstph@zimbio.com,Male
919,Huntington,MacRedmond,hmacredmondpi@wired.com,Male
920,Myer,Uff,muffpj@scribd.com,Male
921,Carlos,Sheffield,csheffieldpk@wikia.com,Male
922,Berkie,Dingley,bdingleypl@jimdo.com,Male
923,Harlen,Lambole,hlambolepm@sciencedaily.com,Male
924,Odelinda,Huntriss,ohuntrisspn@cocolog-nifty.com,Female
925,Dulcie,Bermingham,dberminghampo@kickstarter.com,Female
926,Tine,Conville,tconvillepp@friendfeed.com,Genderfluid
927,Loretta,Williscroft,lwilliscroftpq@engadget.com,Female
928,Adams,Crooks,acrookspr@washingtonpost.com,Male
929,Janet,Dunstall,jdunstallps@tamu.edu,Female
930,Selinda,Brewins,sbrewinspt@godaddy.com,Female
931,Silvio,Fair,sfairpu@narod.ru,Male
932,Logan,Dundredge,ldundredgepv@statcounter.com,Male
933,Aaren,Van der Hoven,avanderhovenpw@umich.edu,Genderqueer
934,Brittaney,Tapscott,btapscottpx@soup.io,Female
935,Trent,Hayesman,thayesmanpy@harvard.edu,Male
936,Sheffy,Wigginton,swiggintonpz@loc.gov,Polygender
937,Leoine,Wysome,lwysomeq0@salon.com,Female
938,Eunice,Woodings,ewoodingsq1@networkadvertising.org,Female
939,Marsha,Warrener,mwarrenerq2@auda.org.au,Female
940,Inga,Leveritt,ileverittq3@pagesperso-orange.fr,Female
941,Marvin,Spennock,mspennockq4@telegraph.co.uk,Male
942,Kassia,Toyer,ktoyerq5@theatlantic.com,Female
943,Rawley,Thunderchief,rthunderchiefq6@google.ru,Male
944,Marsiella,Zelner,mzelnerq7@mozilla.org,Female
945,Charmain,Durnall,cdurnallq8@tiny.cc,Female
946,Helena,Cake,hcakeq9@amazon.de,Female
947,Ambrose,Iveson,aivesonqa@google.com,Male
948,Orbadiah,Kempston,okempstonqb@nba.com,Male
949,Leland,Muzzollo,lmuzzolloqc@gov.uk,Female
950,Beatriz,Fellows,bfellowsqd@cdc.gov,Female
951,Elia,Wanden,ewandenqe@wordpress.com,Male
952,Tracie,Lody,tlodyqf@marriott.com,Male
953,Nicoline,Howchin,nhowchinqg@howstuffworks.com,Female
954,Corabella,Kaine,ckaineqh@meetup.com,Female
955,Milly,Whittles,mwhittlesqi@sitemeter.com,Female
956,Joscelin,Berdale,jberdaleqj@elegantthemes.com,Agender
957,Hali,Leeder,hleederqk@ask.com,Female
958,Parry,Chesswas,pchesswasql@msu.edu,Non-binary
959,Minda,Alwell,malwellqm@free.fr,Female
960,Valerie,Duggon,vduggonqn@sbwire.com,Female
961,Bianca,Beaver,bbeaverqo@quantcast.com,Female
962,Loreen,Makin,lmakinqp@discovery.com,Female
963,Angy,de Castelain,adecastelainqq@go.com,Polygender
964,Carolyn,Berkeley,cberkeleyqr@networksolutions.com,Female
965,Constantina,Berth,cberthqs@whitehouse.gov,Female
966,Tommie,Buckhurst,tbuckhurstqt@jugem.jp,Male
967,Di,Broadhurst,dbroadhurstqu@unblog.fr,Female
968,Eloisa,Adne,eadneqv@yandex.ru,Genderfluid
969,Athene,Lamprey,alampreyqw@tumblr.com,Female
970,Melony,Hanaby,mhanabyqx@indiatimes.com,Non-binary
971,Flem,Filimore,ffilimoreqy@digg.com,Male
972,Brigham,Mayes,bmayesqz@census.gov,Male
973,Barrie,Trevino,btrevinor0@prnewswire.com,Male
974,Pierrette,Hurling,phurlingr1@mediafire.com,Female
975,Rutledge,Druhan,rdruhanr2@freewebs.com,Male
976,Luce,McQuode,lmcquoder3@google.pl,Genderfluid
977,Demetre,O'Doherty,dodohertyr4@hugedomains.com,Male
978,Rahel,Finney,rfinneyr5@marketwatch.com,Agender
979,Gregoor,Triplett,gtriplettr6@geocities.com,Agender
980,Evelin,Andrick,eandrickr7@domainmarket.com,Male
981,Ely,Lenham,elenhamr8@sakura.ne.jp,Non-binary
982,Silvester,Sisse,ssisser9@state.tx.us,Male
983,Starla,Acarson,sacarsonra@discuz.net,Female
984,Dredi,Somes,dsomesrb@list-manage.com,Female
985,Claybourne,Scrace,cscracerc@webmd.com,Male
986,Marshall,Simononsky,msimononskyrd@youtu.be,Male
987,Terrill,Baldcock,tbaldcockre@tinypic.com,Male
988,Johnnie,De Pietri,jdepietrirf@gravatar.com,Male
989,Annmarie,McKim,amckimrg@hatena.ne.jp,Female
990,Evin,Barrowcliffe,ebarrowclifferh@dion.ne.jp,Genderfluid
991,Thebault,Ridhole,tridholeri@1688.com,Male
992,Michaella,Boutflour,mboutflourrj@flickr.com,Female
993,Rhett,Ferne,rfernerk@hibu.com,Male
994,Brock,Karran,bkarranrl@aboutads.info,Male
995,Claudell,Fairfoot,cfairfootrm@i2i.jp,Male
996,Antonella,Godehard.sf,agodehardsfrn@networksolutions.com,Female
997,Suellen,Postin,spostinro@go.com,Female
998,Hervey,Endrici,hendricirp@prlog.org,Male
999,Lind,Barstowk,lbarstowkrq@dailymotion.com,Male
1000,Amerigo,Biaggiotti,abiaggiottirr@google.pl,Male
